{
    "Leave": true,
    "Sticker": true,
    "Wc": false,
    "Welcome": true,
    "access_key": "0066725464abd96d2cee00863ad9067f",
    "access_token": "ec6a73ed66f5704bf4d071a2174fb736238aaeb6",
    "addContact": {
        "name": "",
        "status": false
    },
    "addImage": {
        "name": "",
        "status": false
    },
    "addPesan": "",
    "addSticker": {
        "name": "",
        "status": false
    },
    "addStickers": {
        "name": "",
        "status": false
    },
    "admin": [
        "u24d5f93f9113c991342c079005467e2f",
        "u666c073dfb3ee3f8989e86909f92f515",
        "u93d0b6fe5509e5724933ec82caa3f9d0",
        "ud9dce4f96fca36bdede21e0098720713",
        "u5d5e07404cdf4df1c8e46cca32f954e5",
        "u43f809951f219e710e0d19a508283d09",
        "u6531c77c3f93662d15ad99978661e8ef",
        "ufcfd4178ed1d4b8a2307edbbae5e07a9",
        "u7a85e1fbda85a57b62957b2fb158b571",
        "ue2dafef8df79815e31a7334e7198eeba",
        "u4e337bb95540bf236e19c032a15708a4"
    ],
    "ani_guess": [
        "c9a9f741633543d70449a7d9801cbbd28"
    ],
    "apiKey": "8e3cf182-807a-4186-9261-a6c8741a9237",
    "autoAdd": false,
    "autoJoin": true,
    "autoJoinTicket": true,
    "autoLeave": false,
    "autoRead": true,
    "autoRead1": true,
    "autoRestart": false,
    "autoblock": false,
    "autolike": false,
    "botMute": [],
    "botOff": [],
    "changeCover": false,
    "changeGroupPicture": [],
    "changePicture": false,
    "changeProfileCover": "",
    "changeProfileVideo": {
        "picture": "tmp/pict.bin",
        "stage": 2,
        "status": false,
        "video": "/tmp/linepy-1533757450-2.bin"
    },
    "changeVideo": false,
    "chatbot": {
        "": true
    },
    "checkContact": true,
    "checkPost": true,
    "checkSticker": true,
    "com": false,
    "commet": "auto like by : ꧁༺ஆืਹໂ√န༻꧂ >_<",
    "content": {
        "sam": [
            "u2cf74acf6ed04d122def4db8ffdd2e39",
            "u2cf74acf6ed04d122def4db8ffdd2e39",
            "u2cf74acf6ed04d122def4db8ffdd2e39"
        ],
        "status": true
    },
    "detectMention": true,
    "fancy": {
        "foto1": [],
        "foto2": [],
        "foto3": [],
        "status": false
    },
    "getReader": {},
    "keyCommand": "khie ",
    "leaveMessage": false,
    "leavePesan": "Halo @!, kenapa leave dari grup {gname}??",
    "lv": false,
    "mayhem": false,
    "mentionPesan": "Asw lo @!, Ngapain tag\" gw 􀜅􀄃hmm􏿿",
    "messageSticker": {
        "addName": "readerSticker",
        "addStatus": false,
        "listSticker": {
            "addSticker": {
                "STKID": "2384546",
                "STKPKGID": "1057495",
                "STKVER": "14",
                "status": true
            },
            "leaveSticker": null,
            "mentionSticker": {
                "STKID": "11979804",
                "STKPKGID": "1295985",
                "STKVER": "1"
            },
            "readerSticker": null,
            "replySticker": null,
            "welcomeSticker": null
        }
    },
    "mimic": {
        "copy": false,
        "status": true,
        "target": {
            "udb68a574c2dd49530fd9affdcead6856": true
        }
    },
    "myProfile": {
        "coverId": "c0000000000000000000000000000001",
        "coverStatus": "",
        "displayName": "꧁༺ஆืਹໂ√န༻꧂",
        "pictureStatus": "0hQLPSQFMMDmNtKiXKBklxNFFvAA4aBAgrFUQUUkArUVNFHUA9AxxDDEh-BwdHSRtlUx9DVRguBVpH",
        "statusMessage": "🔰รับเขียนและจำหน่ายแอพพิเคชั่น\n     โปรแกรม Scan -918 Scan -Pussy Scan -Joker Scan\n🔰รับเขียนและจำหน่ายบอทไลน์ทุกชนิดตามสั่ง\n📢รับโปรโมทเพจ โปรโมทสินค้าทุกชนิด\n      ประนามเพจโกง แจ้งข่าวสารต่างๆ\n      การันตีผลงาน มีฐานลูกค้ารองรับ\n      ผลงานมากกว่า 2ปี \n👉ติดต่อ Line ID: vipscanner_win",
        "videoProfile": null
    },
    "notag": false,
    "protectGroupImage": false,
    "protectGroupName": false,
    "protectGroupQr": false,
    "publicMode": false,
    "qrprotect": false,
    "readerPesan": "Gw @!, Kang Sider",
    "reply": "แทคในกลุ่มมีไรปะครับ >_<",
    "replys": true,
    "resendChat": true,
    "responGc": true,
    "restartBot": null,
    "restartPoint": null,
    "server": "VPS",
    "setKey": true,
    "tag": true,
    "timeRestart": 43200,
    "ttt": "line://app/1602687308-GXq4Vvk9?type=text&text=",
    "unsendMessage": true,
    "userAgent": [
        "Mozilla/5.0 (X11; U; Linux i586; de; rv:5.0) Gecko/20100101 Firefox/5.0",
        "Mozilla/5.0 (X11; U; Linux amd64; rv:5.0) Gecko/20100101 Firefox/5.0 (Debian)",
        "Mozilla/5.0 (X11; U; Linux amd64; en-US; rv:5.0) Gecko/20110619 Firefox/5.0",
        "Mozilla/5.0 (X11; Linux) Gecko Firefox/5.0",
        "Mozilla/5.0 (X11; Linux x86_64; rv:5.0) Gecko/20100101 Firefox/5.0 FirePHP/0.5",
        "Mozilla/5.0 (X11; Linux x86_64; rv:5.0) Gecko/20100101 Firefox/5.0 Firefox/5.0",
        "Mozilla/5.0 (X11; Linux x86_64) Gecko Firefox/5.0",
        "Mozilla/5.0 (X11; Linux ppc; rv:5.0) Gecko/20100101 Firefox/5.0",
        "Mozilla/5.0 (X11; Linux AMD64) Gecko Firefox/5.0",
        "Mozilla/5.0 (X11; FreeBSD amd64; rv:5.0) Gecko/20100101 Firefox/5.0",
        "Mozilla/5.0 (Windows NT 6.2; WOW64; rv:5.0) Gecko/20100101 Firefox/5.0",
        "Mozilla/5.0 (Windows NT 6.1; Win64; x64; rv:5.0) Gecko/20110619 Firefox/5.0",
        "Mozilla/5.0 (Windows NT 6.1; Win64; x64; rv:5.0) Gecko/20100101 Firefox/5.0",
        "Mozilla/5.0 (Windows NT 6.1; rv:6.0) Gecko/20100101 Firefox/5.0",
        "Mozilla/5.0 (Windows NT 6.1.1; rv:5.0) Gecko/20100101 Firefox/5.0",
        "Mozilla/5.0 (Windows NT 5.2; WOW64; rv:5.0) Gecko/20100101 Firefox/5.0",
        "Mozilla/5.0 (Windows NT 5.1; U; rv:5.0) Gecko/20100101 Firefox/5.0",
        "Mozilla/5.0 (Windows NT 5.1; rv:2.0.1) Gecko/20100101 Firefox/5.0",
        "Mozilla/5.0 (Windows NT 5.0; WOW64; rv:5.0) Gecko/20100101 Firefox/5.0",
        "Mozilla/5.0 (Windows NT 5.0; rv:5.0) Gecko/20100101 Firefox/5.0"
    ],
    "userMentioned": {},
    "waktu": 10,
    "wcsti2": false,
    "welcomeMessage": false,
    "welcomePesan": "Selamat datang di grup {gname} @! Semoga betah yah 􀜅􀆚Hare Krishna􏿿",
    "winvite": true
}